channel,revenue,orders,spend,clicks,impressions,conversions,aov,roas,ctr
Email,155107.51,2065,33239.57,145674.0,1821594.0,5124.0,75.1125956416465,4.666351279514146,0.07997061913906173
Organic,567699.12,7588,0.0,0.0,0.0,0.0,74.81538218239325,,0.0
Paid Search,284540.66,3842,158697.54,291163.0,6559016.0,8132.0,74.06055700156168,1.7929746106965487,0.04439126234788877
Paid Social,225089.03,3035,45432.2,119947.0,6644103.0,1869.0,74.16442504118616,4.954394240208487,0.018053151794907456
Referral,124840.55,1706,0.0,0.0,0.0,0.0,73.17734466588512,,0.0
